score,bad,weight
400.0,1,56.97
400.0,1,26.25
400.0,1,38.75
400.0,1,36.16
400.0,1,61.82
400.0,1,58.83
400.0,1,69.61
400.0,1,29.35
400.0,1,46.1
400.0,1,26.49
400.0,1,35.93
400.0,1,50.27
400.0,1,26.33
400.0,1,34.94
400.0,1,57.49
400.0,1,52.25
400.0,1,36.02
400.0,1,54.46
400.0,1,65.47
400.0,1,25.32
400.0,1,65.29
410.0,1,83.87
410.0,1,58.82
410.0,1,45.88
410.0,1,102.0
410.0,1,58.56
410.0,1,41.49
410.0,1,41.77
410.0,1,94.32
410.0,1,77.26
410.0,1,91.5
410.0,1,86.08
410.0,1,72.54
410.0,1,103.12
410.0,1,61.5
410.0,1,73.64
410.0,1,93.06
410.0,1,78.3
410.0,1,95.32
410.0,1,75.41
410.0,1,84.32
410.0,1,38.21
410.0,1,50.95
410.0,1,55.26
410.0,0,40.59
410.0,0,51.3
420.0,1,54.09
420.0,1,70.02
420.0,1,102.21
420.0,1,77.83
420.0,1,78.32
420.0,1,63.86
420.0,1,69.03
420.0,1,129.3
420.0,1,103.32
420.0,1,99.82
420.0,1,60.4
420.0,1,110.62
420.0,1,59.71
420.0,1,79.15
420.0,1,134.06
420.0,1,102.6
420.0,1,95.13
420.0,1,106.62
420.0,1,120.86
420.0,1,114.84
420.0,1,65.61
420.0,1,47.89
420.0,1,73.39
420.0,1,69.1
420.0,1,63.99
420.0,1,129.86
420.0,0,123.87
420.0,0,73.32
420.0,0,103.99
430.0,1,98.52
430.0,1,155.6
430.0,1,105.47
430.0,1,84.14
430.0,1,82.13
430.0,1,116.75
430.0,1,83.9
430.0,1,119.3
430.0,1,153.76
430.0,1,98.93
430.0,1,79.13
430.0,1,164.73
430.0,1,111.05
430.0,1,65.0
430.0,1,60.18
430.0,1,67.06
430.0,1,124.02
430.0,1,142.13
430.0,1,101.44
430.0,1,61.99
430.0,1,96.98
430.0,1,164.57
430.0,1,113.2
430.0,1,161.82
430.0,1,149.69
430.0,1,56.26
430.0,1,134.28
430.0,1,129.99
430.0,1,114.07
430.0,1,84.35
430.0,0,125.51
430.0,0,67.27
430.0,0,102.82
440.0,1,123.98
440.0,1,189.0
440.0,1,178.86
440.0,1,99.24
440.0,1,130.08
440.0,1,88.22
440.0,1,183.64
440.0,1,178.17
440.0,1,103.8
440.0,1,148.06
440.0,1,144.17
440.0,1,84.87
440.0,1,164.13
440.0,1,135.12
440.0,1,166.22
440.0,1,133.95
440.0,1,65.07
440.0,1,107.14
440.0,1,67.53
440.0,1,185.78
440.0,1,179.23
440.0,1,173.12
440.0,1,104.98
440.0,1,72.53
440.0,1,179.14
440.0,1,188.1
440.0,1,76.13
440.0,1,128.18
440.0,1,74.0
440.0,1,163.88
440.0,1,164.56
440.0,1,81.69
440.0,1,126.79
440.0,1,136.47
440.0,0,99.46
440.0,0,178.42
440.0,0,120.01
440.0,0,92.53
450.0,1,155.89
450.0,1,184.49
450.0,1,105.17
450.0,1,121.76
450.0,1,224.27
450.0,1,172.48
450.0,1,140.72
450.0,1,152.64
450.0,1,93.15
450.0,1,108.7
450.0,1,125.71
450.0,1,163.25
450.0,1,109.52
450.0,1,108.03
450.0,1,85.65
450.0,1,169.67
450.0,1,109.34
450.0,1,210.81
450.0,1,203.95
450.0,1,85.63
450.0,1,110.7
450.0,1,175.35
450.0,1,107.14
450.0,1,94.85
450.0,1,215.33
450.0,1,160.66
450.0,1,145.9
450.0,1,192.69
450.0,1,196.12
450.0,1,103.56
450.0,1,89.54
450.0,1,139.66
450.0,1,138.54
450.0,1,145.05
450.0,1,184.36
450.0,1,176.0
450.0,1,222.62
450.0,1,89.76
450.0,1,135.39
450.0,0,125.9
450.0,0,204.25
450.0,0,112.3
450.0,0,103.53
460.0,1,161.26
460.0,1,156.72
460.0,1,132.35
460.0,1,127.47
460.0,1,241.96
460.0,1,160.33
460.0,1,231.43
460.0,1,178.56
460.0,1,93.6
460.0,1,254.88
460.0,1,227.12
460.0,1,249.73
460.0,1,242.48
460.0,1,229.28
460.0,1,113.27
460.0,1,167.56
460.0,1,121.34
460.0,1,153.18
460.0,1,94.97
460.0,1,149.43
460.0,1,252.5
460.0,1,130.08
460.0,1,218.29
460.0,1,162.35
460.0,1,156.91
460.0,1,247.74
460.0,1,254.22
460.0,1,179.48
460.0,1,207.13
460.0,1,111.32
460.0,1,135.44
460.0,1,249.68
460.0,1,183.46
460.0,1,177.17
460.0,1,212.16
460.0,1,94.72
460.0,1,184.31
460.0,1,170.48
460.0,1,229.96
460.0,0,111.76
460.0,0,248.33
460.0,0,98.62
460.0,0,116.59
460.0,0,186.16
460.0,0,199.79
460.0,0,124.98
460.0,0,105.38
460.0,0,236.35
460.0,0,126.86
470.0,1,207.96
470.0,1,212.68
470.0,1,174.65
470.0,1,205.9
470.0,1,194.33
470.0,1,272.59
470.0,1,133.81
470.0,1,231.08
470.0,1,140.35
470.0,1,170.2
470.0,1,222.62
470.0,1,152.0
470.0,1,155.07
470.0,1,237.85
470.0,1,108.78
470.0,1,182.07
470.0,1,284.71
470.0,1,284.26
470.0,1,108.92
470.0,1,135.5
470.0,1,145.39
470.0,1,272.32
470.0,1,262.36
470.0,1,262.06
470.0,1,165.21
470.0,1,124.97
470.0,1,253.41
470.0,1,228.67
470.0,1,211.22
470.0,1,282.57
470.0,1,219.26
470.0,1,96.49
470.0,1,250.25
470.0,1,151.88
470.0,1,221.04
470.0,1,273.4
470.0,1,120.52
470.0,1,116.93
470.0,1,115.34
470.0,1,200.11
470.0,1,146.75
470.0,1,209.92
470.0,1,231.35
470.0,1,133.68
470.0,1,215.51
470.0,1,145.16
470.0,0,187.82
470.0,0,267.01
470.0,0,255.76
470.0,0,112.54
470.0,0,175.48
470.0,0,147.57
470.0,0,95.67
470.0,0,241.51
470.0,0,216.05
480.0,1,160.01
480.0,1,260.66
480.0,1,220.85
480.0,1,194.81
480.0,1,107.03
480.0,1,120.8
480.0,1,290.45
480.0,1,294.83
480.0,1,219.57
480.0,1,280.26
480.0,1,227.33
480.0,1,136.1
480.0,1,131.76
480.0,1,169.73
480.0,1,293.79
480.0,1,272.19
480.0,1,285.75
480.0,1,293.77
480.0,1,149.12
480.0,1,157.4
480.0,1,126.59
480.0,1,268.82
480.0,1,290.67
480.0,1,190.34
480.0,1,235.34
480.0,1,137.46
480.0,1,300.28
480.0,1,286.57
480.0,1,310.0
480.0,1,275.26
480.0,1,290.1
480.0,1,110.21
480.0,1,259.68
480.0,1,174.76
480.0,1,300.47
480.0,1,273.47
480.0,1,286.45
480.0,1,275.26
480.0,1,161.03
480.0,1,270.35
480.0,1,127.7
480.0,1,288.16
480.0,1,285.3
480.0,0,151.71
480.0,0,276.48
480.0,0,201.66
480.0,0,169.09
480.0,0,272.02
480.0,0,152.8
480.0,0,109.97
480.0,0,145.56
480.0,0,173.94
480.0,0,286.51
480.0,0,308.05
480.0,0,163.62
480.0,0,239.71
480.0,0,188.93
480.0,0,311.04
480.0,0,217.61
480.0,0,302.24
480.0,0,129.22
490.0,1,338.19
490.0,1,156.07
490.0,1,336.38
490.0,1,176.06
490.0,1,139.93
490.0,1,214.95
490.0,1,282.57
490.0,1,187.15
490.0,1,254.43
490.0,1,232.63
490.0,1,203.59
490.0,1,247.62
490.0,1,173.59
490.0,1,278.02
490.0,1,115.39
490.0,1,327.88
490.0,1,238.84
490.0,1,280.47
490.0,1,285.65
490.0,1,269.24
490.0,1,198.77
490.0,1,131.09
490.0,1,267.77
490.0,1,190.95
490.0,1,187.2
490.0,1,310.04
490.0,1,280.54
490.0,1,184.07
490.0,1,186.14
490.0,1,208.93
490.0,1,207.55
490.0,1,183.0
490.0,1,144.28
490.0,1,211.7
490.0,1,331.28
490.0,1,270.78
490.0,1,322.65
490.0,1,256.57
490.0,1,184.22
490.0,1,241.03
490.0,1,115.09
490.0,1,180.99
490.0,1,213.87
490.0,1,248.4
490.0,1,265.58
490.0,1,221.95
490.0,1,216.7
490.0,1,164.15
490.0,1,223.83
490.0,1,322.27
490.0,1,298.09
490.0,1,154.03
490.0,1,134.5
490.0,1,233.55
490.0,1,260.58
490.0,1,192.09
490.0,1,303.24
490.0,1,287.76
490.0,1,269.74
490.0,0,166.67
490.0,0,160.8
490.0,0,120.62
490.0,0,171.31
490.0,0,224.28
490.0,0,310.44
490.0,0,131.75
490.0,0,210.32
500.0,1,282.44
500.0,1,173.61
500.0,1,299.09
500.0,1,248.59
500.0,1,186.0
500.0,1,289.01
500.0,1,126.39
500.0,1,312.74
500.0,1,317.51
500.0,1,151.65
500.0,1,231.29
500.0,1,168.97
500.0,1,364.49
500.0,1,254.49
500.0,1,137.55
500.0,1,187.3
500.0,1,337.08
500.0,1,239.12
500.0,1,325.35
500.0,1,291.89
500.0,1,371.97
500.0,1,273.86
500.0,1,362.51
500.0,1,347.86
500.0,1,278.16
500.0,1,304.82
500.0,1,251.19
500.0,1,332.64
500.0,1,261.97
500.0,1,349.3
500.0,1,310.91
500.0,1,243.67
500.0,1,189.8
500.0,1,186.81
500.0,1,284.42
500.0,1,316.45
500.0,1,255.32
500.0,1,281.69
500.0,1,193.65
500.0,1,144.37
500.0,1,196.43
500.0,1,192.93
500.0,1,204.93
500.0,1,260.04
500.0,1,159.59
500.0,1,182.82
500.0,1,298.49
500.0,1,301.6
500.0,1,141.06
500.0,1,226.9
500.0,1,260.65
500.0,1,228.94
500.0,1,176.71
500.0,1,230.04
500.0,1,351.21
500.0,1,271.02
500.0,1,298.88
500.0,1,339.18
500.0,1,316.4
500.0,1,220.1
500.0,1,126.47
500.0,1,212.94
500.0,0,313.37
500.0,0,338.36
500.0,0,363.36
500.0,0,229.76
500.0,0,311.88
500.0,0,261.53
500.0,0,275.81
500.0,0,180.13
500.0,0,179.86
500.0,0,233.96
500.0,0,132.26
510.0,1,225.75
510.0,1,318.37
510.0,1,244.17
510.0,1,179.56
510.0,1,261.2
510.0,1,169.46
510.0,1,303.01
510.0,1,142.28
510.0,1,241.39
510.0,1,287.39
510.0,1,142.32
510.0,1,308.54
510.0,1,171.64
510.0,1,259.66
510.0,1,148.58
510.0,1,237.36
510.0,1,192.15
510.0,1,223.25
510.0,1,340.53
510.0,1,237.36
510.0,1,338.04
510.0,1,359.62
510.0,1,203.11
510.0,1,157.11
510.0,1,140.23
510.0,1,280.64
510.0,1,404.98
510.0,1,229.49
510.0,1,310.54
510.0,1,345.93
510.0,1,310.97
510.0,1,338.64
510.0,1,391.4
510.0,1,188.83
510.0,1,140.5
510.0,1,176.14
510.0,1,169.08
510.0,1,315.75
510.0,1,287.27
510.0,1,193.85
510.0,1,323.86
510.0,1,342.06
510.0,1,180.3
510.0,1,298.96
510.0,1,336.94
510.0,1,165.92
510.0,1,356.21
510.0,1,395.47
510.0,1,164.19
510.0,1,141.93
510.0,1,219.23
510.0,1,317.88
510.0,1,393.71
510.0,1,242.1
510.0,1,328.05
510.0,1,155.52
510.0,1,321.47
510.0,1,304.36
510.0,1,162.51
510.0,1,343.57
510.0,1,364.58
510.0,1,297.11
510.0,1,167.68
510.0,1,400.64
510.0,1,346.31
510.0,1,228.75
510.0,1,250.66
510.0,0,235.05
510.0,0,271.61
510.0,0,227.13
510.0,0,364.39
510.0,0,357.03
510.0,0,163.5
510.0,0,394.41
510.0,0,306.61
510.0,0,358.75
510.0,0,325.97
510.0,0,252.58
510.0,0,333.12
520.0,1,424.99
520.0,1,223.32
520.0,1,379.38
520.0,1,301.07
520.0,1,285.21
520.0,1,271.32
520.0,1,357.0
520.0,1,222.83
520.0,1,392.0
520.0,1,385.91
520.0,1,170.13
520.0,1,400.67
520.0,1,215.72
520.0,1,279.77
520.0,1,322.0
520.0,1,254.91
520.0,1,153.32
520.0,1,391.78
520.0,1,197.73
520.0,1,206.51
520.0,1,376.37
520.0,1,243.7
520.0,1,400.29
520.0,1,348.34
520.0,1,225.12
520.0,1,147.94
520.0,1,419.94
520.0,1,169.83
520.0,1,353.82
520.0,1,286.69
520.0,1,364.87
520.0,1,345.28
520.0,1,332.31
520.0,1,287.34
520.0,1,374.95
520.0,1,171.99
520.0,1,209.26
520.0,1,345.62
520.0,1,233.8
520.0,1,313.65
520.0,1,282.25
520.0,1,298.97
520.0,1,268.4
520.0,1,361.32
520.0,1,240.93
520.0,1,348.83
520.0,1,223.57
520.0,1,217.91
520.0,1,179.99
520.0,1,200.85
520.0,1,179.67
520.0,1,300.4
520.0,1,366.03
520.0,1,198.69
520.0,1,207.75
520.0,1,285.42
520.0,1,355.13
520.0,1,428.22
520.0,1,297.14
520.0,1,227.07
520.0,1,174.15
520.0,1,201.29
520.0,1,210.97
520.0,1,197.04
520.0,1,149.1
520.0,1,299.9
520.0,1,224.55
520.0,0,427.55
520.0,0,305.47
520.0,0,347.25
520.0,0,181.62
520.0,0,396.85
520.0,0,287.35
520.0,0,398.09
520.0,0,311.48
520.0,0,281.13
520.0,0,272.74
520.0,0,198.47
520.0,0,159.9
520.0,0,417.91
520.0,0,283.54
520.0,0,383.41
520.0,0,261.21
520.0,0,166.48
530.0,1,350.13
530.0,1,171.62
530.0,1,201.25
530.0,1,329.48
530.0,1,249.19
530.0,1,463.11
530.0,1,191.72
530.0,1,391.98
530.0,1,342.96
530.0,1,400.13
530.0,1,224.96
530.0,1,317.0
530.0,1,294.66
530.0,1,292.24
530.0,1,421.65
530.0,1,461.91
530.0,1,249.67
530.0,1,347.52
530.0,1,343.99
530.0,1,384.43
530.0,1,448.75
530.0,1,219.41
530.0,1,220.42
530.0,1,359.73
530.0,1,203.69
530.0,1,208.88
530.0,1,178.27
530.0,1,155.83
530.0,1,294.66
530.0,1,339.08
530.0,1,245.29
530.0,1,226.76
530.0,1,374.16
530.0,1,372.93
530.0,1,295.75
530.0,1,368.09
530.0,1,441.41
530.0,1,399.23
530.0,1,348.77
530.0,1,359.97
530.0,1,444.44
530.0,1,286.79
530.0,1,323.81
530.0,1,355.77
530.0,1,436.61
530.0,1,411.26
530.0,1,177.14
530.0,1,206.44
530.0,1,250.36
530.0,1,387.18
530.0,1,331.45
530.0,1,244.47
530.0,1,193.55
530.0,1,368.49
530.0,1,371.92
530.0,1,447.23
530.0,1,310.15
530.0,1,308.08
530.0,1,179.94
530.0,1,167.36
530.0,1,288.93
530.0,1,254.92
530.0,1,232.61
530.0,1,183.31
530.0,1,453.19
530.0,1,414.15
530.0,1,333.31
530.0,0,449.74
530.0,0,464.87
530.0,0,363.41
530.0,0,238.55
530.0,0,167.47
530.0,0,389.44
530.0,0,300.86
530.0,0,356.97
530.0,0,438.98
530.0,0,211.26
530.0,0,336.45
530.0,0,351.78
530.0,0,307.43
530.0,0,183.29
530.0,0,262.87
530.0,0,258.33
530.0,0,362.74
530.0,0,420.9
530.0,0,257.24
530.0,0,370.04
530.0,0,244.35
530.0,0,448.01
530.0,0,407.21
540.0,1,346.53
540.0,1,315.09
540.0,1,268.79
540.0,1,271.68
540.0,1,485.16
540.0,1,298.38
540.0,1,334.82
540.0,1,491.08
540.0,1,382.03
540.0,1,344.06
540.0,1,301.37
540.0,1,226.9
540.0,1,284.39
540.0,1,414.63
540.0,1,371.38
540.0,1,415.8
540.0,1,232.17
540.0,1,346.24
540.0,1,471.13
540.0,1,309.58
540.0,1,395.42
540.0,1,205.07
540.0,1,486.14
540.0,1,365.93
540.0,1,243.97
540.0,1,217.26
540.0,1,346.78
540.0,1,347.24
540.0,1,195.76
540.0,1,492.44
540.0,1,466.27
540.0,1,317.28
540.0,1,203.76
540.0,1,439.61
540.0,1,329.46
540.0,1,401.48
540.0,1,332.93
540.0,1,255.23
540.0,1,440.46
540.0,1,488.48
540.0,1,245.43
540.0,1,346.92
540.0,1,291.58
540.0,1,469.22
540.0,1,332.72
540.0,1,455.18
540.0,1,450.13
540.0,1,256.16
540.0,1,425.7
540.0,1,301.93
540.0,1,473.3
540.0,1,332.55
540.0,1,435.78
540.0,1,258.34
540.0,1,263.52
540.0,1,358.69
540.0,1,494.64
540.0,1,326.58
540.0,1,214.04
540.0,1,342.73
540.0,1,278.89
540.0,1,347.13
540.0,1,344.33
540.0,1,315.26
540.0,1,271.19
540.0,1,227.26
540.0,0,395.17
540.0,0,353.69
540.0,0,242.08
540.0,0,420.93
540.0,0,179.4
540.0,0,410.75
540.0,0,397.73
540.0,0,432.76
540.0,0,292.41
540.0,0,384.02
540.0,0,435.85
540.0,0,488.67
540.0,0,328.46
540.0,0,177.22
540.0,0,330.76
540.0,0,359.76
540.0,0,452.0
540.0,0,453.48
540.0,0,310.3
540.0,0,338.56
540.0,0,315.79
540.0,0,403.41
540.0,0,300.29
540.0,0,381.08
540.0,0,215.94
540.0,0,319.93
540.0,0,484.84
540.0,0,276.73
540.0,0,393.59
550.0,1,402.44
550.0,1,473.12
550.0,1,473.32
550.0,1,475.77
550.0,1,308.0
550.0,1,285.83
550.0,1,426.55
550.0,1,440.79
550.0,1,480.33
550.0,1,187.56
550.0,1,198.95
550.0,1,395.91
550.0,1,497.33
550.0,1,524.1
550.0,1,436.37
550.0,1,326.89
550.0,1,209.46
550.0,1,396.81
550.0,1,480.4
550.0,1,330.29
550.0,1,417.9
550.0,1,491.2
550.0,1,191.1
550.0,1,453.65
550.0,1,277.68
550.0,1,306.19
550.0,1,225.95
550.0,1,360.91
550.0,1,373.07
550.0,1,452.38
550.0,1,234.49
550.0,1,202.64
550.0,1,479.79
550.0,1,391.9
550.0,1,259.29
550.0,1,494.49
550.0,1,225.09
550.0,1,336.4
550.0,1,263.89
550.0,1,264.36
550.0,1,178.29
550.0,1,456.62
550.0,1,490.42
550.0,1,412.16
550.0,1,230.29
550.0,1,329.61
550.0,1,295.95
550.0,1,380.65
550.0,1,398.63
550.0,1,323.51
550.0,1,262.53
550.0,1,470.86
550.0,1,244.73
550.0,1,309.64
550.0,1,344.12
550.0,1,258.02
550.0,1,375.17
550.0,1,376.18
550.0,1,522.44
550.0,1,278.33
550.0,1,517.28
550.0,1,405.38
550.0,1,271.07
550.0,0,373.08
550.0,0,415.03
550.0,0,435.63
550.0,0,192.17
550.0,0,387.24
550.0,0,348.85
550.0,0,491.45
550.0,0,275.17
550.0,0,454.6
550.0,0,387.47
550.0,0,298.31
550.0,0,397.82
550.0,0,392.31
550.0,0,412.22
550.0,0,427.32
550.0,0,405.71
550.0,0,468.42
550.0,0,394.89
550.0,0,491.19
550.0,0,401.22
550.0,0,283.13
550.0,0,329.29
550.0,0,377.85
550.0,0,431.33
550.0,0,206.55
550.0,0,278.29
550.0,0,436.62
550.0,0,236.47
550.0,0,221.26
550.0,0,363.79
550.0,0,515.02
550.0,0,360.8
550.0,0,494.72
550.0,0,465.67
550.0,0,264.94
550.0,0,463.64
560.0,1,363.28
560.0,1,483.4
560.0,1,461.23
560.0,1,310.32
560.0,1,227.61
560.0,1,541.27
560.0,1,237.08
560.0,1,542.61
560.0,1,503.25
560.0,1,452.96
560.0,1,547.58
560.0,1,542.89
560.0,1,482.7
560.0,1,320.34
560.0,1,477.55
560.0,1,190.15
560.0,1,383.53
560.0,1,353.27
560.0,1,433.95
560.0,1,433.77
560.0,1,401.29
560.0,1,489.29
560.0,1,532.91
560.0,1,225.09
560.0,1,271.51
560.0,1,194.26
560.0,1,512.17
560.0,1,392.72
560.0,1,523.64
560.0,1,266.91
560.0,1,208.39
560.0,1,489.83
560.0,1,521.47
560.0,1,296.81
560.0,1,336.07
560.0,1,236.72
560.0,1,535.12
560.0,1,297.61
560.0,1,367.27
560.0,1,220.96
560.0,1,513.29
560.0,1,235.2
560.0,1,352.85
560.0,1,433.08
560.0,1,459.96
560.0,1,535.01
560.0,1,340.08
560.0,1,459.64
560.0,1,242.17
560.0,1,338.51
560.0,1,221.64
560.0,1,366.06
560.0,1,336.0
560.0,1,537.06
560.0,1,197.11
560.0,1,322.1
560.0,1,349.05
560.0,1,536.71
560.0,1,501.52
560.0,1,221.76
560.0,1,438.7
560.0,1,386.45
560.0,0,546.8
560.0,0,317.71
560.0,0,332.31
560.0,0,255.23
560.0,0,230.2
560.0,0,498.77
560.0,0,353.25
560.0,0,430.22
560.0,0,422.43
560.0,0,405.94
560.0,0,192.9
560.0,0,476.11
560.0,0,275.12
560.0,0,231.59
560.0,0,393.89
560.0,0,210.39
560.0,0,468.11
560.0,0,261.65
560.0,0,264.9
560.0,0,506.79
560.0,0,306.57
560.0,0,239.6
560.0,0,518.2
560.0,0,186.05
560.0,0,502.61
560.0,0,238.53
560.0,0,233.1
560.0,0,277.74
560.0,0,249.56
560.0,0,429.59
560.0,0,194.54
560.0,0,190.5
560.0,0,477.29
560.0,0,273.03
560.0,0,304.8
560.0,0,249.47
560.0,0,204.39
560.0,0,459.44
560.0,0,379.65
560.0,0,460.9
560.0,0,361.21
570.0,1,498.43
570.0,1,395.16
570.0,1,237.53
570.0,1,391.5
570.0,1,563.71
570.0,1,211.91
570.0,1,500.46
570.0,1,533.12
570.0,1,398.37
570.0,1,373.64
570.0,1,570.97
570.0,1,218.72
570.0,1,381.8
570.0,1,351.63
570.0,1,462.58
570.0,1,386.2
570.0,1,549.78
570.0,1,223.66
570.0,1,226.51
570.0,1,432.24
570.0,1,220.62
570.0,1,302.26
570.0,1,441.9
570.0,1,408.86
570.0,1,321.82
570.0,1,582.9
570.0,1,401.92
570.0,1,371.95
570.0,1,431.12
570.0,1,233.68
570.0,1,468.69
570.0,1,527.59
570.0,1,448.86
570.0,1,494.9
570.0,1,476.13
570.0,1,278.86
570.0,1,371.11
570.0,1,284.11
570.0,1,327.18
570.0,1,371.86
570.0,1,357.24
570.0,1,232.08
570.0,1,361.44
570.0,1,454.39
570.0,1,340.98
570.0,1,254.53
570.0,1,554.96
570.0,1,221.18
570.0,1,519.39
570.0,1,231.36
570.0,1,232.66
570.0,1,483.13
570.0,1,511.59
570.0,1,411.98
570.0,1,423.72
570.0,1,414.02
570.0,1,323.56
570.0,1,242.67
570.0,1,332.9
570.0,1,454.48
570.0,1,487.61
570.0,1,533.56
570.0,1,476.21
570.0,1,572.68
570.0,0,429.16
570.0,0,332.14
570.0,0,420.39
570.0,0,277.97
570.0,0,451.13
570.0,0,282.46
570.0,0,237.21
570.0,0,524.7
570.0,0,338.35
570.0,0,492.42
570.0,0,418.9
570.0,0,509.82
570.0,0,524.61
570.0,0,575.07
570.0,0,514.19
570.0,0,434.29
570.0,0,445.65
570.0,0,205.24
570.0,0,557.34
570.0,0,518.49
570.0,0,299.3
570.0,0,265.36
570.0,0,469.05
570.0,0,315.5
570.0,0,327.53
570.0,0,197.38
570.0,0,534.25
570.0,0,415.87
570.0,0,351.31
570.0,0,250.33
570.0,0,441.94
570.0,0,206.96
570.0,0,485.98
570.0,0,278.9
570.0,0,358.73
570.0,0,327.95
570.0,0,339.32
570.0,0,476.42
570.0,0,497.97
570.0,0,416.36
570.0,0,228.13
570.0,0,215.52
580.0,1,269.54
580.0,1,458.31
580.0,1,481.33
580.0,1,316.56
580.0,1,476.39
580.0,1,404.12
580.0,1,386.24
580.0,1,317.0
580.0,1,514.53
580.0,1,251.67
580.0,1,381.26
580.0,1,321.13
580.0,1,483.18
580.0,1,404.52
580.0,1,478.52
580.0,1,223.62
580.0,1,367.06
580.0,1,450.72
580.0,1,208.15
580.0,1,328.58
580.0,1,291.61
580.0,1,261.27
580.0,1,309.76
580.0,1,339.53
580.0,1,208.17
580.0,1,511.28
580.0,1,277.03
580.0,1,360.89
580.0,1,493.51
580.0,1,410.11
580.0,1,546.68
580.0,1,535.54
580.0,1,234.55
580.0,1,558.32
580.0,1,222.34
580.0,1,212.68
580.0,1,582.68
580.0,1,558.47
580.0,1,441.06
580.0,1,440.09
580.0,1,495.89
580.0,1,376.25
580.0,1,252.22
580.0,1,213.55
580.0,1,338.15
580.0,1,533.54
580.0,1,458.43
580.0,1,546.13
580.0,1,582.11
580.0,1,241.13
580.0,1,551.24
580.0,1,304.76
580.0,1,446.44
580.0,1,419.82
580.0,1,367.26
580.0,1,332.21
580.0,1,344.2
580.0,1,341.56
580.0,1,273.93
580.0,1,414.3
580.0,1,251.75
580.0,1,414.08
580.0,0,576.43
580.0,0,348.24
580.0,0,503.23
580.0,0,540.77
580.0,0,539.17
580.0,0,301.87
580.0,0,265.04
580.0,0,285.88
580.0,0,451.98
580.0,0,516.69
580.0,0,473.76
580.0,0,277.63
580.0,0,521.87
580.0,0,407.59
580.0,0,514.32
580.0,0,516.55
580.0,0,389.05
580.0,0,583.9
580.0,0,436.44
580.0,0,465.47
580.0,0,461.05
580.0,0,559.34
580.0,0,462.16
580.0,0,266.89
580.0,0,233.0
580.0,0,386.31
580.0,0,329.16
580.0,0,317.62
580.0,0,228.03
580.0,0,413.01
580.0,0,332.27
580.0,0,390.28
580.0,0,228.32
580.0,0,546.0
580.0,0,236.46
580.0,0,559.34
580.0,0,555.67
580.0,0,457.15
580.0,0,412.9
580.0,0,394.71
580.0,0,432.27
580.0,0,529.65
580.0,0,572.31
580.0,0,389.39
580.0,0,537.02
580.0,0,472.25
590.0,1,353.26
590.0,1,419.52
590.0,1,279.87
590.0,1,241.61
590.0,1,259.51
590.0,1,601.62
590.0,1,362.68
590.0,1,522.16
590.0,1,431.96
590.0,1,289.2
590.0,1,321.53
590.0,1,403.24
590.0,1,403.95
590.0,1,439.78
590.0,1,283.26
590.0,1,375.33
590.0,1,336.64
590.0,1,390.77
590.0,1,360.5
590.0,1,472.09
590.0,1,554.37
590.0,1,493.34
590.0,1,243.34
590.0,1,255.64
590.0,1,506.7
590.0,1,337.18
590.0,1,526.21
590.0,1,497.32
590.0,1,604.73
590.0,1,590.51
590.0,1,358.35
590.0,1,465.58
590.0,1,275.81
590.0,1,365.42
590.0,1,631.11
590.0,1,515.35
590.0,1,383.54
590.0,1,470.87
590.0,1,618.34
590.0,1,348.12
590.0,1,376.97
590.0,1,555.41
590.0,1,564.67
590.0,1,503.15
590.0,1,571.45
590.0,1,532.67
590.0,1,509.73
590.0,1,441.35
590.0,1,492.79
590.0,1,397.06
590.0,1,370.59
590.0,1,370.92
590.0,1,292.51
590.0,1,307.1
590.0,1,622.5
590.0,1,424.1
590.0,1,312.41
590.0,1,274.15
590.0,1,248.18
590.0,1,578.1
590.0,1,258.49
590.0,1,546.48
590.0,1,574.1
590.0,0,594.98
590.0,0,231.23
590.0,0,359.81
590.0,0,544.51
590.0,0,271.35
590.0,0,376.99
590.0,0,284.77
590.0,0,572.48
590.0,0,546.57
590.0,0,562.89
590.0,0,286.18
590.0,0,403.2
590.0,0,391.67
590.0,0,505.84
590.0,0,317.14
590.0,0,406.01
590.0,0,337.52
590.0,0,536.87
590.0,0,408.04
590.0,0,444.62
590.0,0,348.07
590.0,0,562.71
590.0,0,416.68
590.0,0,574.1
590.0,0,373.17
590.0,0,622.27
590.0,0,638.31
590.0,0,413.52
590.0,0,336.16
590.0,0,379.21
590.0,0,441.81
590.0,0,630.5
590.0,0,566.26
590.0,0,559.54
590.0,0,274.51
590.0,0,322.5
590.0,0,490.71
590.0,0,590.87
590.0,0,453.45
590.0,0,259.11
590.0,0,578.73
590.0,0,581.0
590.0,0,337.58
590.0,0,543.14
590.0,0,332.3
590.0,0,604.28
590.0,0,278.36
600.0,1,421.86
600.0,1,650.89
600.0,1,324.92
600.0,1,428.01
600.0,1,382.31
600.0,1,237.0
600.0,1,248.97
600.0,1,450.9
600.0,1,331.1
600.0,1,672.54
600.0,1,393.71
600.0,1,237.68
600.0,1,643.87
600.0,1,602.63
600.0,1,517.48
600.0,1,581.12
600.0,1,286.92
600.0,1,354.1
600.0,1,598.39
600.0,1,538.23
600.0,1,287.46
600.0,1,542.49
600.0,1,426.87
600.0,1,227.36
600.0,1,260.65
600.0,1,340.17
600.0,1,600.73
600.0,1,471.96
600.0,1,552.26
600.0,1,462.5
600.0,1,275.03
600.0,1,354.65
600.0,1,360.52
600.0,1,246.49
600.0,1,413.92
600.0,1,582.25
600.0,1,430.7
600.0,1,274.89
600.0,1,632.32
600.0,1,493.53
600.0,1,232.4
600.0,1,456.92
600.0,1,333.87
600.0,1,289.61
600.0,1,418.16
600.0,1,501.66
600.0,1,333.25
600.0,1,412.46
600.0,1,523.97
600.0,1,263.53
600.0,1,663.59
600.0,1,255.46
600.0,1,461.73
600.0,1,453.3
600.0,1,669.75
600.0,1,474.37
600.0,0,400.7
600.0,0,436.56
600.0,0,511.05
600.0,0,666.47
600.0,0,339.14
600.0,0,232.31
600.0,0,579.83
600.0,0,380.16
600.0,0,554.82
600.0,0,507.72
600.0,0,572.18
600.0,0,555.83
600.0,0,374.63
600.0,0,244.95
600.0,0,470.71
600.0,0,591.08
600.0,0,303.79
600.0,0,575.61
600.0,0,434.08
600.0,0,537.93
600.0,0,509.28
600.0,0,590.17
600.0,0,253.4
600.0,0,574.29
600.0,0,430.96
600.0,0,357.05
600.0,0,244.71
600.0,0,314.76
600.0,0,243.86
600.0,0,645.02
600.0,0,456.92
600.0,0,670.11
600.0,0,469.36
600.0,0,338.99
600.0,0,563.98
600.0,0,311.0
600.0,0,385.64
600.0,0,576.38
600.0,0,614.61
600.0,0,374.37
600.0,0,281.01
600.0,0,390.61
600.0,0,625.27
600.0,0,559.49
600.0,0,627.59
600.0,0,398.99
600.0,0,663.18
600.0,0,448.29
600.0,0,448.89
600.0,0,640.94
600.0,0,458.67
600.0,0,585.52
600.0,0,552.19
600.0,0,260.52
610.0,1,518.15
610.0,1,621.5
610.0,1,491.37
610.0,1,385.97
610.0,1,272.63
610.0,1,545.63
610.0,1,379.05
610.0,1,518.23
610.0,1,435.27
610.0,1,559.19
610.0,1,400.23
610.0,1,254.91
610.0,1,643.92
610.0,1,400.7
610.0,1,704.13
610.0,1,364.04
610.0,1,695.61
610.0,1,680.52
610.0,1,270.27
610.0,1,534.63
610.0,1,405.76
610.0,1,611.52
610.0,1,554.32
610.0,1,682.81
610.0,1,302.11
610.0,1,520.56
610.0,1,602.22
610.0,1,251.36
610.0,1,266.6
610.0,1,600.9
610.0,1,407.17
610.0,1,414.94
610.0,1,501.6
610.0,1,519.39
610.0,1,554.16
610.0,1,680.95
610.0,1,409.85
610.0,1,593.65
610.0,1,504.74
610.0,1,483.85
610.0,1,422.08
610.0,1,540.29
610.0,1,352.32
610.0,1,288.32
610.0,1,580.77
610.0,1,469.55
610.0,1,416.88
610.0,1,498.99
610.0,0,358.04
610.0,0,357.34
610.0,0,444.75
610.0,0,703.29
610.0,0,369.22
610.0,0,665.75
610.0,0,465.86
610.0,0,292.64
610.0,0,635.83
610.0,0,447.46
610.0,0,657.38
610.0,0,444.2
610.0,0,276.26
610.0,0,555.51
610.0,0,632.39
610.0,0,385.21
610.0,0,398.29
610.0,0,265.52
610.0,0,489.82
610.0,0,653.93
610.0,0,635.14
610.0,0,569.55
610.0,0,670.84
610.0,0,534.72
610.0,0,608.04
610.0,0,474.12
610.0,0,292.04
610.0,0,329.46
610.0,0,300.27
610.0,0,606.48
610.0,0,247.35
610.0,0,495.39
610.0,0,408.39
610.0,0,612.72
610.0,0,494.27
610.0,0,522.62
610.0,0,275.52
610.0,0,380.37
610.0,0,704.81
610.0,0,572.87
610.0,0,482.08
610.0,0,596.51
610.0,0,621.97
610.0,0,269.66
610.0,0,692.02
610.0,0,536.9
610.0,0,446.49
610.0,0,554.65
610.0,0,396.92
610.0,0,647.64
610.0,0,601.72
610.0,0,535.7
610.0,0,320.52
610.0,0,689.14
610.0,0,438.33
610.0,0,663.03
610.0,0,261.04
610.0,0,293.36
610.0,0,306.92
610.0,0,312.39
610.0,0,386.65
610.0,0,568.39
620.0,1,414.55
620.0,1,706.04
620.0,1,683.51
620.0,1,659.51
620.0,1,367.8
620.0,1,556.18
620.0,1,514.91
620.0,1,306.33
620.0,1,393.38
620.0,1,506.4
620.0,1,491.26
620.0,1,327.63
620.0,1,706.39
620.0,1,320.56
620.0,1,567.78
620.0,1,598.11
620.0,1,541.52
620.0,1,657.84
620.0,1,521.17
620.0,1,649.37
620.0,1,258.9
620.0,1,267.28
620.0,1,559.31
620.0,1,527.62
620.0,1,564.05
620.0,1,620.81
620.0,1,449.13
620.0,1,558.11
620.0,1,489.04
620.0,1,552.31
620.0,1,386.94
620.0,1,713.76
620.0,1,481.64
620.0,1,639.3
620.0,1,580.65
620.0,1,390.74
620.0,1,280.76
620.0,1,274.36
620.0,1,460.41
620.0,1,482.28
620.0,1,344.97
620.0,1,542.26
620.0,0,398.17
620.0,0,597.0
620.0,0,604.76
620.0,0,666.78
620.0,0,722.93
620.0,0,309.08
620.0,0,426.56
620.0,0,520.21
620.0,0,401.37
620.0,0,473.57
620.0,0,376.06
620.0,0,366.48
620.0,0,292.44
620.0,0,387.2
620.0,0,433.23
620.0,0,546.53
620.0,0,366.65
620.0,0,669.0
620.0,0,323.25
620.0,0,405.44
620.0,0,528.07
620.0,0,398.23
620.0,0,618.93
620.0,0,489.15
620.0,0,497.22
620.0,0,489.39
620.0,0,396.18
620.0,0,256.36
620.0,0,708.16
620.0,0,492.67
620.0,0,718.68
620.0,0,350.42
620.0,0,417.92
620.0,0,269.76
620.0,0,487.5
620.0,0,677.35
620.0,0,565.59
620.0,0,475.59
620.0,0,507.98
620.0,0,660.11
620.0,0,456.15
620.0,0,677.4
620.0,0,601.48
620.0,0,619.29
620.0,0,424.31
620.0,0,441.28
620.0,0,524.44
620.0,0,340.38
620.0,0,516.08
620.0,0,281.03
620.0,0,492.09
620.0,0,619.56
620.0,0,382.06
620.0,0,729.65
620.0,0,578.4
620.0,0,303.22
620.0,0,722.79
620.0,0,438.01
620.0,0,634.5
620.0,0,411.15
620.0,0,705.08
620.0,0,614.93
620.0,0,342.54
620.0,0,494.47
620.0,0,490.04
620.0,0,267.2
630.0,1,324.89
630.0,1,424.85
630.0,1,496.61
630.0,1,488.06
630.0,1,564.19
630.0,1,517.91
630.0,1,422.26
630.0,1,567.66
630.0,1,337.88
630.0,1,760.21
630.0,1,632.05
630.0,1,407.61
630.0,1,426.55
630.0,1,677.43
630.0,1,526.49
630.0,1,616.46
630.0,1,407.89
630.0,1,671.03
630.0,1,442.86
630.0,1,598.64
630.0,1,754.75
630.0,1,552.69
630.0,1,661.34
630.0,1,624.92
630.0,1,605.9
630.0,1,268.59
630.0,1,497.04
630.0,1,748.21
630.0,1,654.28
630.0,1,650.84
630.0,1,549.59
630.0,1,622.91
630.0,1,552.6
630.0,1,341.96
630.0,1,575.8
630.0,1,571.07
630.0,1,684.0
630.0,1,330.37
630.0,1,602.17
630.0,1,271.1
630.0,1,738.58
630.0,1,311.05
630.0,0,264.66
630.0,0,414.98
630.0,0,332.23
630.0,0,607.16
630.0,0,464.29
630.0,0,650.24
630.0,0,724.47
630.0,0,700.14
630.0,0,630.28
630.0,0,286.76
630.0,0,325.42
630.0,0,360.74
630.0,0,420.78
630.0,0,592.74
630.0,0,522.99
630.0,0,415.01
630.0,0,343.32
630.0,0,720.18
630.0,0,429.59
630.0,0,435.69
630.0,0,648.71
630.0,0,622.67
630.0,0,583.09
630.0,0,608.59
630.0,0,566.14
630.0,0,353.05
630.0,0,380.72
630.0,0,539.62
630.0,0,369.68
630.0,0,751.18
630.0,0,406.78
630.0,0,402.39
630.0,0,360.71
630.0,0,614.54
630.0,0,416.69
630.0,0,432.89
630.0,0,731.19
630.0,0,660.66
630.0,0,394.46
630.0,0,317.16
630.0,0,600.08
630.0,0,448.64
630.0,0,754.88
630.0,0,672.37
630.0,0,741.85
630.0,0,665.35
630.0,0,403.13
630.0,0,401.69
630.0,0,619.21
630.0,0,431.65
630.0,0,480.61
630.0,0,385.79
630.0,0,499.33
630.0,0,358.05
630.0,0,529.67
630.0,0,730.84
630.0,0,610.05
630.0,0,325.01
630.0,0,569.0
630.0,0,554.28
630.0,0,378.65
630.0,0,596.62
630.0,0,525.83
630.0,0,580.35
640.0,1,292.82
640.0,1,484.05
640.0,1,645.2
640.0,1,318.29
640.0,1,673.51
640.0,1,267.75
640.0,1,556.69
640.0,1,757.42
640.0,1,480.66
640.0,1,760.57
640.0,1,730.55
640.0,1,518.05
640.0,1,370.71
640.0,1,775.87
640.0,1,435.22
640.0,1,607.33
640.0,1,746.21
640.0,1,312.41
640.0,1,569.29
640.0,1,548.63
640.0,1,648.25
640.0,1,761.43
640.0,1,749.01
640.0,1,357.78
640.0,1,732.59
640.0,1,358.17
640.0,1,752.41
640.0,1,793.5
640.0,1,475.41
640.0,1,527.55
640.0,1,761.4
640.0,1,774.93
640.0,1,755.8
640.0,1,729.67
640.0,1,269.91
640.0,1,566.02
640.0,1,321.87
640.0,1,785.99
640.0,0,415.82
640.0,0,789.22
640.0,0,552.95
640.0,0,526.77
640.0,0,762.44
640.0,0,716.06
640.0,0,513.05
640.0,0,367.19
640.0,0,324.7
640.0,0,351.12
640.0,0,508.22
640.0,0,401.35
640.0,0,363.69
640.0,0,655.41
640.0,0,684.11
640.0,0,565.92
640.0,0,666.36
640.0,0,358.01
640.0,0,718.76
640.0,0,740.43
640.0,0,703.3
640.0,0,538.1
640.0,0,310.97
640.0,0,619.71
640.0,0,362.93
640.0,0,339.52
640.0,0,436.51
640.0,0,396.46
640.0,0,403.22
640.0,0,389.83
640.0,0,664.49
640.0,0,770.64
640.0,0,425.03
640.0,0,648.13
640.0,0,271.06
640.0,0,611.45
640.0,0,632.17
640.0,0,297.93
640.0,0,327.66
640.0,0,427.61
640.0,0,479.87
640.0,0,531.34
640.0,0,739.41
640.0,0,637.89
640.0,0,429.82
640.0,0,327.23
640.0,0,750.55
640.0,0,421.37
640.0,0,590.75
640.0,0,381.14
640.0,0,335.79
640.0,0,346.19
640.0,0,661.3
640.0,0,586.04
640.0,0,485.4
640.0,0,556.09
640.0,0,514.54
640.0,0,549.88
640.0,0,616.97
640.0,0,380.76
640.0,0,396.16
640.0,0,665.01
640.0,0,727.76
640.0,0,308.39
640.0,0,501.78
650.0,1,662.07
650.0,1,317.96
650.0,1,585.29
650.0,1,308.97
650.0,1,576.21
650.0,1,553.02
650.0,1,589.99
650.0,1,357.42
650.0,1,455.46
650.0,1,561.19
650.0,1,338.93
650.0,1,387.97
650.0,1,595.73
650.0,1,325.02
650.0,1,555.71
650.0,1,719.78
650.0,1,524.39
650.0,1,557.29
650.0,1,526.24
650.0,1,306.76
650.0,1,529.31
650.0,1,718.8
650.0,1,672.8
650.0,1,492.77
650.0,1,724.05
650.0,1,685.19
650.0,1,593.07
650.0,1,299.91
650.0,1,464.49
650.0,1,310.07
650.0,1,821.77
650.0,1,789.02
650.0,1,312.96
650.0,1,788.58
650.0,1,292.45
650.0,0,499.88
650.0,0,697.93
650.0,0,696.21
650.0,0,813.08
650.0,0,630.23
650.0,0,506.2
650.0,0,821.07
650.0,0,485.36
650.0,0,753.29
650.0,0,773.72
650.0,0,481.61
650.0,0,650.5
650.0,0,638.99
650.0,0,571.62
650.0,0,634.44
650.0,0,466.27
650.0,0,373.16
650.0,0,570.49
650.0,0,565.86
650.0,0,675.32
650.0,0,397.48
650.0,0,276.91
650.0,0,287.5
650.0,0,439.1
650.0,0,645.42
650.0,0,574.44
650.0,0,567.56
650.0,0,727.85
650.0,0,411.13
650.0,0,465.39
650.0,0,426.61
650.0,0,790.58
650.0,0,673.76
650.0,0,337.06
650.0,0,720.21
650.0,0,505.58
650.0,0,696.33
650.0,0,761.07
650.0,0,283.61
650.0,0,388.34
650.0,0,330.49
650.0,0,293.47
650.0,0,603.78
650.0,0,661.81
650.0,0,301.77
650.0,0,682.3
650.0,0,496.25
650.0,0,403.89
650.0,0,394.5
650.0,0,750.05
650.0,0,306.04
650.0,0,552.14
650.0,0,434.09
650.0,0,723.68
650.0,0,677.33
650.0,0,450.4
650.0,0,603.85
650.0,0,644.89
650.0,0,451.37
650.0,0,440.97
650.0,0,353.79
650.0,0,638.12
650.0,0,396.57
650.0,0,440.28
660.0,1,319.75
660.0,1,825.66
660.0,1,786.44
660.0,1,804.6
660.0,1,641.82
660.0,1,528.5
660.0,1,567.5
660.0,1,839.21
660.0,1,821.7
660.0,1,667.67
660.0,1,732.91
660.0,1,466.68
660.0,1,522.31
660.0,1,370.05
660.0,1,499.58
660.0,1,715.02
660.0,1,554.91
660.0,1,769.12
660.0,1,456.42
660.0,1,688.32
660.0,1,744.29
660.0,1,806.4
660.0,0,605.56
660.0,0,836.64
660.0,0,602.65
660.0,0,361.43
660.0,0,423.43
660.0,0,400.9
660.0,0,653.62
660.0,0,810.67
660.0,0,767.87
660.0,0,337.7
660.0,0,698.01
660.0,0,393.57
660.0,0,438.02
660.0,0,668.99
660.0,0,628.67
660.0,0,782.96
660.0,0,392.25
660.0,0,719.17
660.0,0,697.85
660.0,0,603.54
660.0,0,558.25
660.0,0,780.6
660.0,0,474.79
660.0,0,830.5
660.0,0,293.74
660.0,0,819.18
660.0,0,833.38
660.0,0,351.87
660.0,0,854.76
660.0,0,557.98
660.0,0,423.28
660.0,0,629.51
660.0,0,401.57
660.0,0,806.62
660.0,0,599.69
660.0,0,727.04
660.0,0,501.98
660.0,0,589.18
660.0,0,489.78
660.0,0,434.09
660.0,0,577.31
660.0,0,568.45
660.0,0,341.21
660.0,0,844.35
660.0,0,552.61
660.0,0,763.65
660.0,0,806.17
660.0,0,496.3
660.0,0,520.94
660.0,0,605.64
660.0,0,411.13
660.0,0,368.18
660.0,0,433.64
660.0,0,817.81
660.0,0,615.11
660.0,0,523.02
660.0,0,371.87
660.0,0,473.02
660.0,0,501.51
660.0,0,760.02
660.0,0,569.6
660.0,0,658.13
660.0,0,675.36
660.0,0,431.68
660.0,0,753.31
660.0,0,835.91
660.0,0,650.77
660.0,0,564.64
660.0,0,380.89
660.0,0,738.14
660.0,0,381.48
660.0,0,695.58
660.0,0,563.34
670.0,1,835.97
670.0,1,614.86
670.0,1,673.67
670.0,1,329.65
670.0,1,314.96
670.0,1,794.55
670.0,1,852.66
670.0,1,689.25
670.0,1,745.96
670.0,1,538.31
670.0,1,792.1
670.0,1,431.55
670.0,1,712.23
670.0,1,300.39
670.0,1,593.38
670.0,1,515.19
670.0,1,659.52
670.0,1,688.39
670.0,1,658.75
670.0,1,580.09
670.0,1,582.83
670.0,1,298.9
670.0,1,620.47
670.0,1,301.99
670.0,1,607.36
670.0,1,457.1
670.0,1,871.71
670.0,0,305.11
670.0,0,774.76
670.0,0,692.68
670.0,0,770.64
670.0,0,831.77
670.0,0,358.14
670.0,0,351.83
670.0,0,382.85
670.0,0,408.24
670.0,0,605.61
670.0,0,775.98
670.0,0,452.72
670.0,0,529.17
670.0,0,515.1
670.0,0,534.56
670.0,0,628.35
670.0,0,879.24
670.0,0,428.26
670.0,0,698.58
670.0,0,795.24
670.0,0,680.7
670.0,0,801.35
670.0,0,743.16
670.0,0,350.17
670.0,0,518.77
670.0,0,621.09
670.0,0,328.11
670.0,0,300.58
670.0,0,396.12
670.0,0,589.92
670.0,0,551.01
670.0,0,757.78
670.0,0,628.86
670.0,0,801.2
670.0,0,351.26
670.0,0,606.61
670.0,0,320.11
670.0,0,419.74
670.0,0,807.19
670.0,0,818.66
670.0,0,575.55
670.0,0,322.47
670.0,0,338.87
670.0,0,841.1
670.0,0,825.59
670.0,0,627.47
670.0,0,314.41
670.0,0,842.97
670.0,0,480.55
670.0,0,862.27
670.0,0,641.35
670.0,0,738.83
670.0,0,715.5
670.0,0,529.99
670.0,0,340.39
670.0,0,390.85
670.0,0,436.88
670.0,0,787.44
670.0,0,524.6
670.0,0,823.95
670.0,0,490.72
670.0,0,740.81
670.0,0,377.57
680.0,1,907.97
680.0,1,746.74
680.0,1,610.48
680.0,1,899.34
680.0,1,337.75
680.0,1,571.62
680.0,1,816.59
680.0,1,512.76
680.0,1,774.09
680.0,1,887.46
680.0,1,546.99
680.0,1,776.87
680.0,1,323.07
680.0,1,471.73
680.0,1,910.48
680.0,1,604.27
680.0,1,522.04
680.0,1,879.1
680.0,1,568.43
680.0,1,719.61
680.0,0,708.01
680.0,0,357.27
680.0,0,682.36
680.0,0,791.81
680.0,0,740.0
680.0,0,355.04
680.0,0,399.07
680.0,0,739.12
680.0,0,691.68
680.0,0,756.19
680.0,0,498.17
680.0,0,370.0
680.0,0,308.17
680.0,0,493.04
680.0,0,524.55
680.0,0,469.56
680.0,0,385.83
680.0,0,419.31
680.0,0,578.79
680.0,0,643.39
680.0,0,553.91
680.0,0,321.02
680.0,0,520.89
680.0,0,361.77
680.0,0,669.81
680.0,0,502.9
680.0,0,540.0
680.0,0,483.03
680.0,0,541.56
680.0,0,356.67
680.0,0,854.69
680.0,0,857.18
680.0,0,901.69
680.0,0,653.9
680.0,0,408.45
680.0,0,537.25
680.0,0,389.69
680.0,0,488.69
680.0,0,605.81
680.0,0,343.59
680.0,0,570.15
680.0,0,561.87
680.0,0,600.38
680.0,0,351.92
680.0,0,458.54
680.0,0,455.42
680.0,0,686.27
680.0,0,667.22
680.0,0,424.28
680.0,0,370.25
680.0,0,490.84
680.0,0,883.78
680.0,0,507.65
680.0,0,683.32
680.0,0,795.49
680.0,0,506.02
680.0,0,509.19
680.0,0,802.44
680.0,0,829.3
680.0,0,899.28
680.0,0,388.04
680.0,0,500.61
680.0,0,882.84
680.0,0,427.52
690.0,1,512.94
690.0,1,922.68
690.0,1,925.3
690.0,1,498.61
690.0,1,752.82
690.0,1,624.33
690.0,1,677.8
690.0,1,467.73
690.0,1,551.91
690.0,1,829.39
690.0,0,562.55
690.0,0,386.75
690.0,0,670.23
690.0,0,688.1
690.0,0,658.75
690.0,0,744.48
690.0,0,661.56
690.0,0,915.39
690.0,0,605.82
690.0,0,761.27
690.0,0,591.23
690.0,0,498.54
690.0,0,751.49
690.0,0,830.95
690.0,0,816.26
690.0,0,572.76
690.0,0,629.56
690.0,0,714.0
690.0,0,467.47
690.0,0,729.96
690.0,0,765.6
690.0,0,812.12
690.0,0,361.6
690.0,0,939.14
690.0,0,616.92
690.0,0,567.51
690.0,0,634.17
690.0,0,894.85
690.0,0,750.78
690.0,0,657.5
690.0,0,813.15
690.0,0,541.5
690.0,0,879.17
690.0,0,653.25
690.0,0,717.05
690.0,0,368.54
690.0,0,799.44
690.0,0,729.29
690.0,0,538.66
690.0,0,722.61
690.0,0,342.91
690.0,0,934.67
690.0,0,741.81
690.0,0,566.76
690.0,0,789.19
690.0,0,923.4
690.0,0,586.19
690.0,0,321.65
690.0,0,478.01
690.0,0,636.73
690.0,0,641.84
690.0,0,680.73
690.0,0,677.4
690.0,0,595.84
690.0,0,561.41
690.0,0,801.58
690.0,0,685.81
690.0,0,630.29
690.0,0,532.33
690.0,0,330.47
690.0,0,380.87
690.0,0,577.06
690.0,0,920.89
690.0,0,388.12
690.0,0,907.63
690.0,0,404.26
690.0,0,511.49
690.0,0,601.86
690.0,0,445.33
700.0,1,638.9
700.0,1,634.51
700.0,1,609.81
700.0,1,777.9
700.0,1,532.29
700.0,1,520.17
700.0,1,851.62
700.0,1,399.81
700.0,1,876.97
700.0,1,746.18
700.0,1,765.14
700.0,1,431.83
700.0,1,964.54
700.0,1,483.54
700.0,1,438.39
700.0,1,429.09
700.0,1,688.9
700.0,0,948.0
700.0,0,475.71
700.0,0,588.28
700.0,0,444.89
700.0,0,741.31
700.0,0,605.89
700.0,0,343.97
700.0,0,724.17
700.0,0,453.26
700.0,0,709.93
700.0,0,577.74
700.0,0,783.08
700.0,0,458.76
700.0,0,814.01
700.0,0,850.67
700.0,0,365.67
700.0,0,391.14
700.0,0,891.79
700.0,0,446.52
700.0,0,536.89
700.0,0,622.41
700.0,0,495.53
700.0,0,885.71
700.0,0,668.01
700.0,0,740.42
700.0,0,713.03
700.0,0,722.35
700.0,0,706.55
700.0,0,551.15
700.0,0,874.59
700.0,0,726.29
700.0,0,853.93
700.0,0,783.89
700.0,0,518.34
700.0,0,724.41
700.0,0,380.09
700.0,0,412.07
700.0,0,401.61
700.0,0,523.5
700.0,0,443.98
700.0,0,775.73
700.0,0,657.04
700.0,0,596.86
700.0,0,414.61
700.0,0,574.41
700.0,0,445.74
700.0,0,738.08
700.0,0,775.73
700.0,0,744.42
700.0,0,974.93
700.0,0,685.69
700.0,0,643.27
700.0,0,416.19
700.0,0,529.48
700.0,0,618.15
700.0,0,359.85
710.0,1,575.56
710.0,1,341.42
710.0,1,426.48
710.0,1,881.19
710.0,1,980.77
710.0,1,673.64
710.0,1,666.63
710.0,1,793.75
710.0,1,613.47
710.0,1,897.73
710.0,1,662.43
710.0,1,390.39
710.0,1,355.68
710.0,0,844.91
710.0,0,530.7
710.0,0,519.15
710.0,0,695.2
710.0,0,447.7
710.0,0,641.41
710.0,0,832.49
710.0,0,848.17
710.0,0,703.32
710.0,0,410.85
710.0,0,411.52
710.0,0,854.33
710.0,0,886.6
710.0,0,580.8
710.0,0,886.15
710.0,0,362.88
710.0,0,816.72
710.0,0,701.06
710.0,0,998.15
710.0,0,403.62
710.0,0,891.15
710.0,0,838.4
710.0,0,534.46
710.0,0,1004.54
710.0,0,636.32
710.0,0,568.55
710.0,0,882.21
710.0,0,629.18
710.0,0,1000.95
710.0,0,854.67
710.0,0,493.75
710.0,0,878.17
710.0,0,728.91
710.0,0,569.92
710.0,0,811.21
710.0,0,758.96
710.0,0,446.21
710.0,0,428.29
710.0,0,473.44
710.0,0,473.65
710.0,0,374.77
710.0,0,570.05
710.0,0,523.33
710.0,0,695.97
710.0,0,551.85
710.0,0,806.72
710.0,0,528.85
710.0,0,514.12
710.0,0,909.87
710.0,0,995.28
710.0,0,790.13
710.0,0,398.8
710.0,0,980.06
710.0,0,861.41
720.0,1,978.95
720.0,1,1029.82
720.0,1,943.26
720.0,1,432.55
720.0,1,942.59
720.0,1,517.28
720.0,1,835.86
720.0,1,916.65
720.0,1,870.42
720.0,0,811.6
720.0,0,682.73
720.0,0,743.42
720.0,0,530.41
720.0,0,630.82
720.0,0,656.87
720.0,0,782.2
720.0,0,952.29
720.0,0,409.24
720.0,0,700.77
720.0,0,536.98
720.0,0,991.07
720.0,0,599.66
720.0,0,1000.68
720.0,0,570.83
720.0,0,346.71
720.0,0,879.15
720.0,0,850.58
720.0,0,849.34
720.0,0,661.33
720.0,0,803.26
720.0,0,592.17
720.0,0,388.7
720.0,0,713.75
720.0,0,495.3
720.0,0,641.45
720.0,0,491.18
720.0,0,530.29
720.0,0,916.56
720.0,0,578.05
720.0,0,743.77
720.0,0,735.64
720.0,0,679.88
720.0,0,582.18
720.0,0,815.96
720.0,0,378.4
720.0,0,413.71
720.0,0,885.88
720.0,0,662.11
720.0,0,430.72
720.0,0,936.78
720.0,0,649.49
720.0,0,345.47
720.0,0,1006.04
720.0,0,484.6
720.0,0,820.13
720.0,0,436.02
720.0,0,793.5
720.0,0,454.69
720.0,0,988.58
720.0,0,534.07
720.0,0,796.67
730.0,1,532.78
730.0,1,619.01
730.0,1,996.7
730.0,1,472.52
730.0,1,636.4
730.0,1,571.91
730.0,1,851.6
730.0,1,521.24
730.0,1,820.39
730.0,1,854.63
730.0,1,355.77
730.0,0,693.53
730.0,0,449.22
730.0,0,515.6
730.0,0,837.79
730.0,0,361.59
730.0,0,848.87
730.0,0,935.15
730.0,0,1056.59
730.0,0,654.84
730.0,0,448.84
730.0,0,405.29
730.0,0,626.98
730.0,0,873.84
730.0,0,427.72
730.0,0,577.48
730.0,0,980.5
730.0,0,452.36
730.0,0,904.16
730.0,0,889.74
730.0,0,449.53
730.0,0,1059.99
730.0,0,456.43
730.0,0,731.66
730.0,0,361.02
730.0,0,816.51
730.0,0,667.47
730.0,0,867.93
730.0,0,800.94
730.0,0,462.48
730.0,0,647.31
730.0,0,842.46
730.0,0,965.57
730.0,0,416.55
730.0,0,426.33
730.0,0,889.24
730.0,0,773.6
730.0,0,627.66
730.0,0,1038.91
730.0,0,578.3
730.0,0,454.28
730.0,0,551.65
730.0,0,414.82
730.0,0,747.91
730.0,0,781.01
740.0,1,808.54
740.0,1,933.65
740.0,1,869.05
740.0,1,983.96
740.0,1,845.64
740.0,1,585.2
740.0,1,742.96
740.0,0,736.95
740.0,0,910.93
740.0,0,580.75
740.0,0,404.84
740.0,0,1020.48
740.0,0,1061.91
740.0,0,726.27
740.0,0,447.3
740.0,0,729.7
740.0,0,798.57
740.0,0,750.65
740.0,0,1078.72
740.0,0,1085.42
740.0,0,1046.76
740.0,0,461.35
740.0,0,993.39
740.0,0,779.92
740.0,0,631.75
740.0,0,863.55
740.0,0,921.79
740.0,0,1061.75
740.0,0,927.37
740.0,0,377.18
740.0,0,414.3
740.0,0,556.4
740.0,0,394.07
740.0,0,409.14
740.0,0,941.18
740.0,0,734.83
740.0,0,823.86
740.0,0,730.77
740.0,0,668.27
740.0,0,877.32
740.0,0,425.17
740.0,0,756.69
740.0,0,814.71
740.0,0,567.55
740.0,0,591.23
740.0,0,738.25
740.0,0,513.33
740.0,0,954.88
740.0,0,756.56
750.0,1,668.05
750.0,1,850.72
750.0,1,1000.89
750.0,1,885.79
750.0,1,424.59
750.0,1,899.01
750.0,0,922.47
750.0,0,1009.85
750.0,0,418.43
750.0,0,439.66
750.0,0,700.86
750.0,0,715.03
750.0,0,831.62
750.0,0,606.97
750.0,0,931.27
750.0,0,930.49
750.0,0,464.58
750.0,0,905.93
750.0,0,901.12
750.0,0,497.87
750.0,0,1089.76
750.0,0,767.25
750.0,0,962.24
750.0,0,915.57
750.0,0,500.22
750.0,0,470.2
750.0,0,960.84
750.0,0,576.57
750.0,0,1039.81
750.0,0,953.57
750.0,0,397.02
750.0,0,980.33
750.0,0,578.99
750.0,0,422.9
750.0,0,909.24
750.0,0,807.49
750.0,0,432.8
750.0,0,716.4
750.0,0,645.09
750.0,0,749.71
750.0,0,800.16
750.0,0,650.77
750.0,0,566.34
760.0,1,464.24
760.0,1,826.91
760.0,1,941.54
760.0,1,560.87
760.0,0,776.8
760.0,0,418.91
760.0,0,1049.45
760.0,0,573.3
760.0,0,748.26
760.0,0,679.89
760.0,0,500.57
760.0,0,1101.99
760.0,0,1045.26
760.0,0,810.71
760.0,0,1088.74
760.0,0,955.31
760.0,0,707.91
760.0,0,632.79
760.0,0,705.52
760.0,0,939.62
760.0,0,593.87
760.0,0,444.97
760.0,0,672.06
760.0,0,771.57
760.0,0,1079.49
760.0,0,523.1
760.0,0,1004.34
760.0,0,1140.69
760.0,0,1119.64
760.0,0,438.07
760.0,0,743.12
760.0,0,602.38
760.0,0,1035.53
760.0,0,637.02
760.0,0,810.88
760.0,0,391.14
760.0,0,539.52
760.0,0,819.13
770.0,1,635.09
770.0,1,886.95
770.0,1,761.5
770.0,0,862.44
770.0,0,784.75
770.0,0,1005.36
770.0,0,549.38
770.0,0,1106.35
770.0,0,995.78
770.0,0,588.65
770.0,0,400.04
770.0,0,718.93
770.0,0,579.07
770.0,0,668.67
770.0,0,1058.26
770.0,0,1087.99
770.0,0,1146.28
770.0,0,396.16
770.0,0,914.27
770.0,0,1065.71
770.0,0,969.5
770.0,0,477.12
770.0,0,813.55
770.0,0,583.15
770.0,0,783.7
770.0,0,442.32
770.0,0,1182.6
770.0,0,957.21
770.0,0,468.49
770.0,0,1122.81
770.0,0,1103.86
770.0,0,805.61
770.0,0,948.67
780.0,0,706.72
780.0,0,1194.39
780.0,0,473.77
780.0,0,482.42
780.0,0,513.15
780.0,0,1069.17
780.0,0,465.61
780.0,0,864.93
780.0,0,757.34
780.0,0,1186.02
780.0,0,596.79
780.0,0,616.4
780.0,0,660.16
780.0,0,1053.66
780.0,0,972.59
780.0,0,1000.64
780.0,0,662.63
780.0,0,625.28
780.0,0,465.5
780.0,0,569.2
780.0,0,1036.75
780.0,0,878.61
780.0,0,530.88
780.0,0,538.14
780.0,0,782.5
780.0,0,734.28
780.0,0,839.1
780.0,0,1186.35
780.0,0,573.19
790.0,1,670.9
790.0,1,634.96
790.0,0,514.53
790.0,0,545.82
790.0,0,984.43
790.0,0,1100.9
790.0,0,993.41
790.0,0,448.47
790.0,0,1108.82
790.0,0,687.07
790.0,0,490.71
790.0,0,621.02
790.0,0,710.27
790.0,0,841.17
790.0,0,977.06
790.0,0,630.94
790.0,0,1237.26
790.0,0,440.8
790.0,0,750.65
790.0,0,790.33
790.0,0,1035.91
790.0,0,622.38
790.0,0,798.5
790.0,0,1082.23
790.0,0,531.03
800.0,1,435.16
800.0,1,1130.82
800.0,1,1260.18
800.0,0,536.11
800.0,0,1125.12
800.0,0,741.4
800.0,0,960.75
800.0,0,972.98
800.0,0,919.98
800.0,0,645.0
800.0,0,1115.84
800.0,0,443.53
800.0,0,479.8
800.0,0,1192.12
800.0,0,801.92
800.0,0,534.47
800.0,0,1194.32
800.0,0,1129.95
800.0,0,706.82
800.0,0,461.29
800.0,0,816.85
